model_name,roc_auc_ovr,roc_auc_ovo
ConvNeXtBase,0.993769,0.993769
ConvNeXtLarge,0.993228,0.993228
ConvNeXtSmall,0.991697,0.991697
ConvNeXtTiny,0.990161,0.990161
ConvNeXtXLarge,0.993468,0.993468
DenseNet121,0.991918,0.991918
DenseNet169,0.99175,0.99175
DenseNet201,0.992847,0.992847
EfficientNetB0,0.989703,0.989703
EfficientNetB1,0.991332,0.991332
EfficientNetB2,0.989601,0.989601
EfficientNetB3,0.992085,0.992085
EfficientNetB4,0.992549,0.992549
EfficientNetB5,0.993833,0.993833
EfficientNetB6,0.992765,0.992765
EfficientNetB7,0.993485,0.993485
EfficientNetV2B0,0.9919,0.9919
EfficientNetV2B1,0.992456,0.992456
EfficientNetV2B2,0.99249,0.99249
EfficientNetV2B3,0.993551,0.993551
EfficientNetV2L,0.992797,0.992797
EfficientNetV2M,0.991249,0.991249
EfficientNetV2S,0.994124,0.994124
InceptionResNetV2,0.99226,0.99226
InceptionV3,0.993325,0.993325
MobileNet,0.988945,0.988945
MobileNetV2,0.988848,0.988848
NASNetLarge,0.991703,0.991703
NASNetMobile,0.98899,0.98899
ResNet101,0.99315,0.99315
ResNet101V2,0.991851,0.991851
ResNet152,0.992323,0.992323
ResNet152V2,0.990801,0.990801
ResNet50,0.992196,0.992196
ResNet50V2,0.991754,0.991754
VGG16,0.990932,0.990932
VGG19,0.990485,0.990485
Xception,0.992798,0.992798
