model_name,person,accuracy,f1_macro,precision_macro,recall_macro,f1_weighted,precision_weighted,recall_weighted,mcc,roc_auc_ovr,inference_time_ms,model_size_mb,checkpoint_type
ConvNeXtBase,tala,0.972735,0.92423,0.923347,0.925489,0.972977,0.973378,0.972735,0.970039,0.998568,11.329,337.25,final
EfficientNetB5,sireen,0.972091,0.926042,0.92714,0.925914,0.972135,0.972434,0.972091,0.969331,0.998659,11.101,114.54,final
EfficientNetV2S,zahra,0.969944,0.92262,0.921381,0.924266,0.970248,0.970712,0.969944,0.966973,0.998542,6.807,81.68,final
ConvNeXtXLarge,tala,0.969729,0.917176,0.91798,0.917702,0.970114,0.970877,0.969729,0.96674,0.998604,25.326,1333.31,final
DenseNet169,sireen,0.969085,0.914653,0.914117,0.916007,0.969618,0.970469,0.969085,0.966038,0.998159,5.916,53.32,final
EfficientNetB4,sireen,0.968871,0.920297,0.919437,0.922397,0.969304,0.970254,0.968871,0.965818,0.998514,7.358,72.46,final
EfficientNetV2M,zahra,0.968656,0.920922,0.920848,0.92313,0.969279,0.970747,0.968656,0.965596,0.998633,11.681,207.35,final
EfficientNetB6,tala,0.967368,0.922638,0.922801,0.928253,0.968248,0.971322,0.967368,0.964228,0.998675,18.176,162.7,final
EfficientNetB7,tala,0.967153,0.913642,0.917139,0.915554,0.967979,0.970408,0.967153,0.963974,0.998551,31.158,251.76,final
DenseNet201,sireen,0.966724,0.915065,0.915201,0.915667,0.967166,0.967926,0.966724,0.963449,0.998326,6.762,75.73,final
EfficientNetV2B2,tala,0.966295,0.905117,0.904273,0.906247,0.966355,0.96654,0.966295,0.962961,0.998158,6.745,37.5,final
EfficientNetV2B3,tala,0.966295,0.909598,0.911586,0.912091,0.966429,0.967752,0.966295,0.962998,0.998254,5.998,53.74,final
DenseNet121,sireen,0.966295,0.909875,0.910309,0.91229,0.9674,0.969616,0.966295,0.963006,0.998219,6.16,30.31,final
ResNet101,tala,0.96608,0.907969,0.907931,0.910235,0.966939,0.968639,0.96608,0.962764,0.998134,6.904,168.09,final
ResNet152,zahra,0.96565,0.901825,0.900531,0.905418,0.966121,0.967486,0.96565,0.962289,0.997923,6.314,228.43,final
ConvNeXtLarge,zahra,0.964577,0.911713,0.915334,0.911658,0.965023,0.966528,0.964577,0.961115,0.998652,14.702,752.79,final
ResNet50,sireen,0.964148,0.900444,0.901644,0.901624,0.96505,0.966718,0.964148,0.960633,0.997877,6.077,94.95,final
EfficientNetV2B0,zahra,0.963933,0.899095,0.909106,0.901362,0.962909,0.965119,0.963933,0.960431,0.998114,5.908,26.21,final
EfficientNetB2,zahra,0.963718,0.905235,0.907127,0.906145,0.964014,0.965075,0.963718,0.960154,0.998209,5.903,33.65,final
EfficientNetB0,zahra,0.963289,0.895559,0.896674,0.895915,0.963318,0.963756,0.963289,0.959666,0.99798,6.023,19.0,final
EfficientNetB3,sireen,0.962645,0.904027,0.904257,0.906676,0.963479,0.965365,0.962645,0.958992,0.998209,6.289,45.49,final
EfficientNetV2B1,tala,0.962645,0.895066,0.899274,0.896014,0.962805,0.964306,0.962645,0.958999,0.998077,6.346,30.2,final
EfficientNetV2L,sireen,0.960069,0.900733,0.910815,0.902259,0.96004,0.962978,0.960069,0.956198,0.998282,21.23,454.37,final
EfficientNetB1,zahra,0.958351,0.896866,0.896862,0.899349,0.959308,0.961198,0.958351,0.954268,0.9978,5.982,28.85,final
ResNet50V2,sireen,0.957922,0.89639,0.901709,0.898862,0.95935,0.963214,0.957922,0.953871,0.997722,6.432,94.86,final
ResNet152V2,zahra,0.957492,0.894196,0.896473,0.897931,0.959265,0.963568,0.957492,0.953389,0.997836,5.686,228.28,final
InceptionResNetV2,tala,0.957278,0.90117,0.902291,0.901269,0.95794,0.959041,0.957278,0.953062,0.998051,6.974,212.44,final
ConvNeXtSmall,sireen,0.956204,0.899995,0.899325,0.902588,0.957091,0.959095,0.956204,0.951958,0.998051,10.401,191.43,final
Xception,zahra,0.95599,0.902112,0.901468,0.906567,0.95693,0.959391,0.95599,0.951702,0.997951,7.086,84.46,final
ConvNeXtTiny,sireen,0.955775,0.889605,0.890694,0.891779,0.957235,0.960209,0.955775,0.951479,0.997802,7.989,108.54,final
ResNet101V2,tala,0.954916,0.897524,0.899485,0.89846,0.955759,0.957632,0.954916,0.950503,0.997891,5.36,167.97,final
InceptionV3,tala,0.951696,0.893176,0.893164,0.897147,0.952417,0.954606,0.951696,0.946987,0.997989,6.291,88.41,final
MobileNet,zahra,0.948905,0.871464,0.874257,0.877084,0.949634,0.95344,0.948905,0.943985,0.997371,5.573,15.06,final
NASNetLarge,tala,0.94869,0.891445,0.893374,0.891816,0.948821,0.949698,0.94869,0.94364,0.997848,10.245,334.62,final
MobileNetV2,zahra,0.948476,0.886413,0.890016,0.888047,0.949314,0.951896,0.948476,0.943471,0.997633,5.829,12.04,final
VGG16,zahra,0.937312,0.849394,0.859133,0.855306,0.937487,0.942365,0.937312,0.931429,0.996706,7.744,57.72,final
VGG19,sireen,0.935595,0.861822,0.869371,0.862964,0.937551,0.942635,0.935595,0.929375,0.99672,6.228,77.98,final
NASNetMobile,tala,0.934736,0.862581,0.862916,0.862893,0.934811,0.935286,0.934736,0.928283,0.996616,6.13,20.53,final
