class,mean,count
Corn___Healthy,0.9869727253913879,20
Potato___Healthy,0.9669564515352249,20
Rice___Healthy,0.9343320429325104,20
Wheat___Healthy,0.5976640030741691,20
Rice___Brown_Spot,0.40345843092897365,20
Potato___Late_Blight,0.2941231045871973,20
Corn___Leaf_Blight,0.2389733897522092,20
Rice___Leaf_Blast,0.22823455990292132,20
Wheat___Brown_Rust,0.20152983972802757,20
Corn___Gray_Leaf_Spot,0.16293926443904638,20
Wheat___Yellow_Rust,0.1622103452682495,20
Corn___Common_Rust,0.13862805338576437,20
Potato___Early_Blight,0.0776447559396426,20
Rice___Hispa,0.05106376669136807,20
