model,acc_clean,ci_lo,ci_hi,precision_macro,recall_macro,f1_macro,f1_weighted,mcc,acc_original_test,change_vs_original,p_vs_best,p_holm,bootstrap_top_freq,rank
EfficientNetB7,0.9380,0.9258,0.9483,0.9248,0.9242,0.9229,0.9390,0.9322,0.9535,-0.0155,,,0.3978,1
ConvNeXtLarge,0.9369,0.9246,0.9473,0.9193,0.9222,0.9200,0.9375,0.9308,0.9610,-0.0241,0.9161,1.0000,0.2448,2
EfficientNetB4,0.9346,0.9221,0.9452,0.9200,0.9204,0.9182,0.9348,0.9285,0.9495,-0.0149,0.5940,1.0000,0.0917,3
ConvNeXtXLarge,0.9340,0.9215,0.9447,0.9181,0.9193,0.9171,0.9343,0.9278,0.9501,-0.0161,0.5382,1.0000,0.0578,4
EfficientNetB5,0.9340,0.9215,0.9447,0.9208,0.9188,0.9190,0.9348,0.9277,0.9505,-0.0165,0.4825,1.0000,0.0646,5
EfficientNetV2M,0.9335,0.9209,0.9442,0.8964,0.9197,0.9045,0.9344,0.9273,0.9512,-0.0177,0.4606,1.0000,0.0811,6
EfficientNetV2S,0.9335,0.9209,0.9442,0.9171,0.9205,0.9161,0.9333,0.9274,0.9514,-0.0179,0.4795,1.0000,0.0590,7
ConvNeXtBase,0.9267,0.9136,0.9379,0.9073,0.9084,0.9067,0.9268,0.9197,0.9518,-0.0251,0.0574,0.4020,0.0017,8
EfficientNetV2L,0.9250,0.9118,0.9364,0.8858,0.9063,0.8918,0.9246,0.9180,0.9451,-0.0201,0.0255,0.2079,0.0000,9
DenseNet201,0.9245,0.9112,0.9359,0.8845,0.9088,0.8933,0.9257,0.9173,0.9449,-0.0204,0.0189,0.2079,0.0000,10
ResNet101,0.9239,0.9106,0.9353,0.8835,0.9033,0.8901,0.9253,0.9167,0.9508,-0.0269,0.0203,0.2079,0.0005,11
EfficientNetB6,0.9239,0.9106,0.9353,0.8822,0.9074,0.8842,0.9251,0.9172,0.9468,-0.0229,0.0069,0.1109,0.0005,12
EfficientNetV2B0,0.9239,0.9106,0.9353,0.9058,0.9016,0.9032,0.9245,0.9165,0.9432,-0.0193,0.0192,0.2079,0.0000,13
EfficientNetB2,0.9233,0.9100,0.9348,0.9052,0.9092,0.9057,0.9248,0.9162,0.9405,-0.0172,0.0171,0.2057,0.0000,14
EfficientNetB3,0.9233,0.9100,0.9348,0.9083,0.9075,0.9057,0.9252,0.9163,0.9512,-0.0278,0.0124,0.1615,0.0000,15
ResNet152,0.9228,0.9094,0.9343,0.8824,0.9044,0.8896,0.9246,0.9156,0.9462,-0.0234,0.0112,0.1564,0.0000,16
DenseNet121,0.9222,0.9088,0.9338,0.8831,0.9075,0.8914,0.9238,0.9150,0.9422,-0.0200,0.0094,0.1406,0.0005,17
EfficientNetB0,0.9205,0.9070,0.9322,0.8799,0.8959,0.8853,0.9204,0.9128,0.9428,-0.0223,0.0048,0.0811,0.0000,18
EfficientNetV2B2,0.9205,0.9070,0.9322,0.8821,0.9007,0.8862,0.9213,0.9132,0.9449,-0.0244,0.0023,0.0417,0.0000,19
ConvNeXtSmall,0.9194,0.9058,0.9312,0.8809,0.9008,0.8863,0.9217,0.9120,0.9374,-0.0180,0.0015,0.0290,0.0000,20
EfficientNetV2B1,0.9188,0.9052,0.9306,0.8765,0.8951,0.8824,0.9193,0.9111,0.9420,-0.0232,0.0018,0.0346,0.0000,21
ResNet50,0.9183,0.9046,0.9301,0.9034,0.9041,0.9002,0.9204,0.9110,0.9428,-0.0246,0.0014,0.0290,0.0000,22
EfficientNetV2B3,0.9183,0.9046,0.9301,0.9007,0.9012,0.8999,0.9199,0.9105,0.9420,-0.0237,0.0007,0.0163,0.0000,23
ConvNeXtTiny,0.9171,0.9034,0.9291,0.8781,0.9018,0.8846,0.9184,0.9096,0.9347,-0.0175,0.0007,0.0163,0.0000,24
EfficientNetB1,0.9166,0.9028,0.9286,0.9004,0.8951,0.8945,0.9172,0.9089,0.9443,-0.0277,0.0004,0.0089,0.0000,25
DenseNet169,0.9160,0.9022,0.9280,0.8995,0.8990,0.8972,0.9174,0.9082,0.9416,-0.0256,0.0002,0.0052,0.0000,26
InceptionV3,0.9132,0.8992,0.9254,0.8610,0.8909,0.8699,0.9139,0.9048,0.9409,-0.0278,0.0000,0.0013,0.0000,27
InceptionResNetV2,0.9126,0.8986,0.9249,0.8760,0.8918,0.8807,0.9136,0.9042,0.9378,-0.0252,0.0001,0.0016,0.0000,28
ResNet101V2,0.9109,0.8968,0.9233,0.8940,0.8946,0.8929,0.9123,0.9025,0.9426,-0.0317,0.0000,0.0012,0.0000,29
ResNet152V2,0.9076,0.8932,0.9202,0.8719,0.8888,0.8746,0.9088,0.8992,0.9382,-0.0307,0.0000,0.0001,0.0000,30
ResNet50V2,0.9076,0.8932,0.9202,0.8921,0.8936,0.8905,0.9090,0.8990,0.9372,-0.0296,0.0000,0.0000,0.0000,31
Xception,0.9042,0.8896,0.9170,0.8711,0.8882,0.8741,0.9055,0.8954,0.9428,-0.0387,0.0000,0.0000,0.0000,32
MobileNetV2,0.9025,0.8878,0.9154,0.8669,0.8833,0.8706,0.9036,0.8934,0.9286,-0.0262,0.0000,0.0000,0.0000,33
NASNetLarge,0.9008,0.8860,0.9138,0.8910,0.8832,0.8843,0.9018,0.8915,0.9384,-0.0376,0.0000,0.0000,0.0000,34
VGG16,0.8968,0.8818,0.9102,0.8835,0.8802,0.8783,0.8995,0.8875,0.9280,-0.0312,0.0000,0.0000,0.0000,35
MobileNet,0.8946,0.8794,0.9080,0.8700,0.8687,0.8527,0.8919,0.8858,0.9328,-0.0382,0.0000,0.0000,0.0000,36
VGG19,0.8822,0.8664,0.8964,0.8696,0.8636,0.8592,0.8825,0.8719,0.9238,-0.0416,0.0000,0.0000,0.0000,37
NASNetMobile,0.8777,0.8616,0.8921,0.8329,0.8438,0.8330,0.8765,0.8660,0.9136,-0.0359,0.0000,0.0000,0.0000,38
