model_name,checkpoint_type,accuracy,precision_macro,recall_macro,f1_macro,precision_weighted,recall_weighted,f1_weighted,roc_auc_ovr,mcc
ConvNeXtBase,final,0.8284518828451883,0.8766259586384187,0.8649187232222947,0.8530663385610031,0.8459928598491916,0.8284518828451883,0.8145766110305704,,0.8188243685233888
ConvNeXtLarge,final,0.8354253835425384,0.8963871699093067,0.8633084046476903,0.8546581081672964,0.870418974293738,0.8354253835425384,0.8217795601246555,,0.8280898782150692
ConvNeXtTiny,final,0.7391910739191074,0.7795546151506618,0.8022640379663301,0.7740904301508543,0.7615267105224199,0.7391910739191074,0.730436082421243,,0.7210726534239608
ConvNeXtXLarge,final,0.8284518828451883,0.8790999258480089,0.8620773945327518,0.8521491708409206,0.8505747241658235,0.8284518828451883,0.8164348459239179,,0.819498129774837
DenseNet121,best,0.796373779637378,0.8288424324646841,0.8450610772365836,0.8199490467711481,0.8081896036570837,0.796373779637378,0.7800453360096242,0.9829056080333783,0.7831636232397273
DenseNet169,best,0.7880055788005579,0.8310763169871695,0.8361925975971818,0.8125943129897945,0.8184023904074552,0.7880055788005579,0.7776362335394185,0.9811077277762044,0.7770029191273351
DenseNet201,best,0.7796373779637378,0.8232965359884304,0.8317893100328744,0.8165753237939072,0.7929712919418538,0.7796373779637378,0.7720996924562816,0.9816008939105194,0.7638933039277634
EfficientNetV2B1,final,0.8228730822873083,0.8680764529920626,0.8596671831313356,0.850000855881631,0.8412633839009883,0.8228730822873083,0.8141173013291421,,0.8120827367186251
EfficientNetV2B2,final,0.806136680613668,0.8558043782884176,0.8539999561128294,0.8321210373129878,0.8271223454186452,0.806136680613668,0.7853450718287823,,0.7948664075359895
EfficientNetV2B3,final,0.796373779637378,0.8358468949307458,0.844375549893274,0.8299902209708016,0.8139491269334821,0.796373779637378,0.7941036682796284,,0.7813483619695221
EfficientNetV2L,final,0.7921896792189679,0.8459368115916744,0.8261630761043666,0.8209868738561631,0.8057949086374685,0.7921896792189679,0.7805922461982573,,0.7786890339218516
InceptionResNetV2,final,0.7894002789400278,0.8313441918738402,0.8269891761788631,0.8052366027565784,0.8132232298885873,0.7894002789400278,0.7718703525391786,,0.7790301807477146
InceptionV3,final,0.800557880055788,0.8440998711023063,0.8389350295073168,0.8237538136499326,0.8281012549095998,0.800557880055788,0.7910626656014857,,0.788342272885793
NASNetLarge,final,0.7698744769874477,0.8011457402147346,0.8081675352493332,0.7977404095989004,0.7854666105087987,0.7698744769874477,0.7700387236382765,,0.7507186487133054
NASNetMobile,final,0.7642956764295676,0.8086386250417775,0.8088095823716435,0.7921741432293761,0.7880620435884484,0.7642956764295676,0.7577758221215989,,0.7488513696588917
ResNet101,final,0.799163179916318,0.8422464018909217,0.8434316659583185,0.8284756685013878,0.8168956590342408,0.799163179916318,0.7907852788722475,,0.7869469093280057
ResNet101V2,final,0.7880055788005579,0.8211739239160797,0.8370518303013913,0.8094552819771748,0.8067259069478148,0.7880055788005579,0.772472355772294,,0.7766353620697026
ResNet50,best,0.7824267782426778,0.8293263375405778,0.8359154810460779,0.8146432277057184,0.8202004481716978,0.7824267782426778,0.7779033235186376,0.9793217921065892,0.7666366052964645
ResNet50V2,best,0.7824267782426778,0.8219155106245937,0.827654014275816,0.810682200078821,0.7940554406837512,0.7824267782426778,0.7707531340467785,0.9809029896151616,0.7694497202512842
VGG19,best,0.7712691771269177,0.8098888157002191,0.82478150474815,0.7924235790434268,0.7931312665044221,0.7712691771269177,0.7496327767331846,0.9800046805947842,0.759887391293509
