model_name,accuracy,precision_macro,recall_macro,f1_macro,precision_weighted,recall_weighted,f1_weighted,precision_per_class,recall_per_class,f1_per_class,roc_auc_ovr,roc_auc_ovo,mcc,model_size_mb,total_params,trainable_params,input_size,training_time_sec,epochs_trained,final_val_accuracy,best_val_accuracy,final_val_loss,inference_time_ms,person
DenseNet121,0.796373779637378,0.8288424324646841,0.8450610772365836,0.8199490467711481,0.8081896036570837,0.796373779637378,0.7800453360096242,"[0.8076923076923077, 0.95, 0.972972972972973, 1.0, 1.0, 0.9722222222222222, 0.9358974358974359, 0.53, 0.5918367346938775, 0.4948453608247423, 0.6111111111111112, 0.984375, 0.84375, 0.9090909090909091]","[1.0, 1.0, 1.0, 0.9701492537313433, 1.0, 0.9333333333333333, 0.9733333333333334, 0.8412698412698413, 0.453125, 0.7619047619047619, 0.14864864864864866, 0.84, 1.0, 0.9090909090909091]","[0.8936170212765957, 0.9743589743589743, 0.9863013698630138, 0.9848484848484849, 1.0, 0.9523809523809524, 0.954248366013072, 0.6503067484662578, 0.5132743362831858, 0.6, 0.23913043478260868, 0.9064748201438849, 0.9152542372881356, 0.9090909090909091]",0.982896625500353,0.982896625500353,0.7831636232397273,35.60557556152344,7701326,661774,"(224, 224)",,,0.796373779637378,0.796373779637378,,,tala
DenseNet169,0.7866108786610879,0.8295245567388879,0.8350588107491091,0.8115170473065744,0.8162440719589165,0.7866108786610879,0.7762466585824531,"[0.8076923076923077, 0.9743589743589743, 0.8571428571428571, 1.0, 0.8947368421052632, 0.972972972972973, 0.9594594594594594, 0.6666666666666666, 0.631578947368421, 0.40559440559440557, 0.6666666666666666, 0.953125, 0.8709677419354839, 0.9523809523809523]","[1.0, 1.0, 1.0, 0.9402985074626866, 1.0, 0.96, 0.9466666666666667, 0.6349206349206349, 0.1875, 0.9206349206349206, 0.3783783783783784, 0.8133333333333334, 1.0, 0.9090909090909091]","[0.8936170212765957, 0.9870129870129869, 0.923076923076923, 0.9692307692307692, 0.9444444444444444, 0.9664429530201343, 0.9530201342281879, 0.6504065040650407, 0.2891566265060241, 0.5631067961165048, 0.48275862068965514, 0.8776978417266187, 0.9310344827586207, 0.9302325581395349]",0.9811109870375734,0.9811109870375734,0.7754116190183784,61.21329498291016,13636942,990734,"(224, 224)",,,0.7866108786610879,0.7866108786610879,,,tala
DenseNet201,0.7796373779637378,0.8232965359884304,0.8317893100328744,0.8165753237939072,0.7929712919418538,0.7796373779637378,0.7720996924562816,"[0.875, 1.0, 0.9230769230769231, 1.0, 1.0, 0.9571428571428572, 0.891566265060241, 0.6, 0.46938775510204084, 0.40869565217391307, 0.6, 0.9846153846153847, 0.9, 0.9166666666666666]","[1.0, 1.0, 1.0, 0.9552238805970149, 0.9411764705882353, 0.8933333333333333, 0.9866666666666667, 0.6666666666666666, 0.359375, 0.746031746031746, 0.24324324324324326, 0.8533333333333334, 1.0, 1.0]","[0.9333333333333333, 1.0, 0.9600000000000001, 0.9770992366412213, 0.9696969696969697, 0.9241379310344828, 0.9367088607594936, 0.631578947368421, 0.4070796460176991, 0.5280898876404495, 0.34615384615384615, 0.9142857142857143, 0.9473684210526316, 0.9565217391304348]",0.9815980995514008,0.9815980995514008,0.7638933039277634,84.6791000366211,19448142,1122318,"(224, 224)",,,0.7796373779637378,0.7796373779637378,,,tala
ResNet50,0.7824267782426778,0.8293263375405778,0.8359154810460779,0.8146432277057184,0.8202004481716978,0.7824267782426778,0.7779033235186376,"[0.9545454545454546, 1.0, 0.9, 1.0, 0.7391304347826086, 0.9852941176470589, 0.8690476190476191, 0.6075949367088608, 0.5294117647058824, 0.375, 0.9047619047619048, 0.9692307692307692, 0.896551724137931, 0.88]","[1.0, 1.0, 1.0, 0.8805970149253731, 1.0, 0.8933333333333333, 0.9733333333333334, 0.7619047619047619, 0.5625, 0.5714285714285714, 0.25675675675675674, 0.84, 0.9629629629629629, 1.0]","[0.9767441860465117, 1.0, 0.9473684210526316, 0.9365079365079364, 0.85, 0.9370629370629371, 0.9182389937106918, 0.676056338028169, 0.5454545454545455, 0.4528301886792453, 0.4, 0.9, 0.9285714285714286, 0.9361702127659575]",0.9793168658835208,0.9793168658835208,0.7666366052964645,104.13643646240234,24779918,1188110,"(224, 224)",,,0.7824267782426778,0.7824267782426778,,,tala
ResNet50V2,0.7824267782426778,0.8219155106245937,0.827654014275816,0.810682200078821,0.7940554406837512,0.7824267782426778,0.7707531340467785,"[0.875, 0.95, 0.9444444444444444, 1.0, 1.0, 0.9036144578313253, 0.9444444444444444, 0.6981132075471698, 0.4166666666666667, 0.4244604316546763, 0.6041666666666666, 0.9701492537313433, 0.8666666666666667, 0.9090909090909091]","[1.0, 1.0, 0.9444444444444444, 0.9253731343283582, 1.0, 1.0, 0.9066666666666666, 0.5873015873015873, 0.15625, 0.9365079365079365, 0.3918918918918919, 0.8666666666666667, 0.9629629629629629, 0.9090909090909091]","[0.9333333333333333, 0.9743589743589743, 0.9444444444444444, 0.9612403100775194, 1.0, 0.9493670886075949, 0.9251700680272109, 0.6379310344827586, 0.22727272727272727, 0.5841584158415842, 0.47540983606557374, 0.915492957746479, 0.912280701754386, 0.9090909090909091]",0.980909716114598,0.980909716114598,0.7694497202512842,104.0445556640625,24757006,1188110,"(224, 224)",,,0.7824267782426778,0.7824267782426778,,,tala
VGG19,0.7712691771269177,0.8098888157002191,0.82478150474815,0.7924235790434268,0.7931312665044221,0.7712691771269177,0.7496327767331846,"[0.875, 0.95, 0.9, 1.0, 0.8888888888888888, 0.9487179487179487, 0.9342105263157895, 0.6172839506172839, 0.375, 0.4, 0.7368421052631579, 0.9833333333333333, 0.8125, 0.9166666666666666]","[1.0, 1.0, 1.0, 0.9104477611940298, 0.9411764705882353, 0.9866666666666667, 0.9466666666666667, 0.7936507936507936, 0.140625, 0.8888888888888888, 0.1891891891891892, 0.7866666666666666, 0.9629629629629629, 1.0]","[0.9333333333333333, 0.9743589743589743, 0.9473684210526316, 0.953125, 0.9142857142857143, 0.9673202614379085, 0.9403973509933775, 0.6944444444444444, 0.20454545454545456, 0.5517241379310346, 0.3010752688172043, 0.8740740740740739, 0.8813559322033898, 0.9565217391304348]",0.9800046805947842,0.9800046805947842,0.759887391293509,81.07160949707031,20424014,398606,"(224, 224)",,,0.7712691771269177,0.7712691771269177,,,tala
ConvNeXtBase,0.8284518828451883,0.8766259586384187,0.8649187232222947,0.8530663385610031,0.8459928598491916,0.8284518828451883,0.8145766110305704,"[1.0, 1.0, 1.0, 1.0, 0.9444444444444444, 1.0, 1.0, 0.5632183908045977, 0.7857142857142857, 0.48739495798319327, 0.5666666666666667, 0.961038961038961, 0.9642857142857143, 1.0]","[1.0, 1.0, 1.0, 1.0, 1.0, 1.0, 0.9866666666666667, 0.7777777777777778, 0.34375, 0.9206349206349206, 0.22972972972972974, 0.9866666666666667, 1.0, 0.8636363636363636]","[1.0, 1.0, 1.0, 1.0, 0.9714285714285714, 1.0, 0.9932885906040269, 0.6533333333333333, 0.4782608695652174, 0.6373626373626373, 0.3269230769230769, 0.9736842105263157, 0.9818181818181818, 0.9268292682926829]",,,0.8188243685233888,342.51564025878906,88230543,668559,"(224, 224)",,,0.8284518828451883,0.8284518828451883,,,tala
ConvNeXtLarge,0.8354253835425384,0.8963871699093067,0.8633084046476903,0.8546581081672964,0.870418974293738,0.8354253835425384,0.8217795601246555,"[1.0, 1.0, 1.0, 1.0, 1.0, 1.0, 1.0, 0.6329113924050633, 0.8571428571428571, 0.47368421052631576, 0.71875, 0.9358974358974359, 0.9310344827586207, 1.0]","[1.0, 1.0, 1.0, 1.0, 1.0, 1.0, 1.0, 0.7936507936507936, 0.28125, 1.0, 0.3108108108108108, 0.9733333333333334, 1.0, 0.7272727272727273]","[1.0, 1.0, 1.0, 1.0, 1.0, 1.0, 1.0, 0.704225352112676, 0.4235294117647058, 0.6428571428571429, 0.4339622641509434, 0.954248366013072, 0.9642857142857143, 0.8421052631578948]",,,0.8280898782150692,760.0045394897461,197158607,925199,"(224, 224)",,,0.8354253835425384,0.8354253835425384,,,tala
ConvNeXtTiny,0.7391910739191074,0.7795546151506618,0.8022640379663301,0.7740904301508543,0.7615267105224199,0.7391910739191074,0.730436082421243,"[1.0, 1.0, 1.0, 1.0, 0.7083333333333334, 0.9722222222222222, 0.9444444444444444, 0.4838709677419355, 0.3492063492063492, 0.36666666666666664, 0.5789473684210527, 0.9523809523809523, 0.75, 0.8076923076923077]","[1.0, 1.0, 1.0, 0.9701492537313433, 1.0, 0.9333333333333333, 0.9066666666666666, 0.47619047619047616, 0.34375, 0.6984126984126984, 0.14864864864864866, 0.8, 1.0, 0.9545454545454546]","[1.0, 1.0, 1.0, 0.9848484848484849, 0.8292682926829268, 0.9523809523809524, 0.9251700680272109, 0.48, 0.3464566929133858, 0.4808743169398906, 0.23655913978494625, 0.8695652173913043, 0.8571428571428571, 0.875]",,,0.7210726534239608,112.72057342529295,28352111,535343,"(224, 224)",,,0.7391910739191074,0.7391910739191074,,,tala
ConvNeXtXLarge,0.8284518828451883,0.8790999258480089,0.8620773945327518,0.8521491708409206,0.8505747241658235,0.8284518828451883,0.8164348459239179,"[1.0, 0.9743589743589743, 0.972972972972973, 0.9710144927536232, 0.9444444444444444, 1.0, 0.9868421052631579, 0.6351351351351351, 0.7083333333333334, 0.46564885496183206, 0.6486486486486487, 1.0, 1.0, 1.0]","[1.0, 1.0, 1.0, 1.0, 1.0, 0.9866666666666667, 1.0, 0.746031746031746, 0.265625, 0.9682539682539683, 0.32432432432432434, 0.96, 1.0, 0.8181818181818182]","[1.0, 0.9870129870129869, 0.9863013698630138, 0.9852941176470589, 0.9714285714285714, 0.9932885906040269, 0.9933774834437086, 0.6861313868613138, 0.3863636363636364, 0.6288659793814433, 0.43243243243243246, 0.9795918367346939, 1.0, 0.9]",,,0.819498129774837,1342.528823852539,349340431,1188367,"(224, 224)",,,0.8284518828451883,0.8284518828451883,,,tala
EfficientNetV2B1,0.8228730822873083,0.8680764529920626,0.8596671831313356,0.850000855881631,0.8412633839009883,0.8228730822873083,0.8141173013291421,"[1.0, 1.0, 1.0, 1.0, 1.0, 0.9868421052631579, 0.9866666666666667, 0.6571428571428571, 0.5428571428571428, 0.4596774193548387, 0.7647058823529411, 0.9342105263157895, 0.8709677419354839, 0.95]","[1.0, 1.0, 1.0, 0.9552238805970149, 1.0, 1.0, 0.9866666666666667, 0.7301587301587301, 0.296875, 0.9047619047619048, 0.35135135135135137, 0.9466666666666667, 1.0, 0.8636363636363636]","[1.0, 1.0, 1.0, 0.9770992366412213, 1.0, 0.9933774834437086, 0.9866666666666668, 0.6917293233082706, 0.3838383838383838, 0.6096256684491979, 0.48148148148148157, 0.9403973509933775, 0.9310344827586207, 0.9047619047619048]",,,0.8120827367186251,36.43367767333984,7727299,793615,"(240, 240)",,,0.8228730822873083,0.8228730822873083,,,tala
EfficientNetV2B2,0.806136680613668,0.8558043782884176,0.8539999561128294,0.8321210373129878,0.8271223454186452,0.806136680613668,0.7853450718287823,"[1.0, 1.0, 1.0, 1.0, 1.0, 0.974025974025974, 1.0, 0.5652173913043478, 0.48936170212765956, 0.4732142857142857, 0.75, 0.9342105263157895, 0.8387096774193549, 0.9565217391304348]","[1.0, 1.0, 1.0, 0.9253731343283582, 1.0, 1.0, 0.9733333333333334, 0.8253968253968254, 0.359375, 0.8412698412698413, 0.12162162162162163, 0.9466666666666667, 0.9629629629629629, 1.0]","[1.0, 1.0, 1.0, 0.9612403100775194, 1.0, 0.9868421052631579, 0.9864864864864865, 0.6709677419354838, 0.41441441441441446, 0.6057142857142856, 0.2093023255813954, 0.9403973509933775, 0.896551724137931, 0.9777777777777777]",,,0.7948664075359895,44.24089050292969,9631597,859407,"(260, 260)",,,0.806136680613668,0.806136680613668,,,tala
EfficientNetV2B3,0.796373779637378,0.8358468949307458,0.844375549893274,0.8299902209708016,0.8139491269334821,0.796373779637378,0.7941036682796284,"[1.0, 0.95, 1.0, 1.0, 0.9444444444444444, 0.972972972972973, 0.948051948051948, 0.6833333333333333, 0.45652173913043476, 0.44642857142857145, 0.6739130434782609, 0.9833333333333333, 0.6428571428571429, 1.0]","[1.0, 1.0, 1.0, 0.9552238805970149, 1.0, 0.96, 0.9733333333333334, 0.6507936507936508, 0.328125, 0.7936507936507936, 0.4189189189189189, 0.7866666666666666, 1.0, 0.9545454545454546]","[1.0, 0.9743589743589743, 1.0, 0.9770992366412213, 0.9714285714285714, 0.9664429530201343, 0.9605263157894737, 0.6666666666666666, 0.3818181818181817, 0.5714285714285714, 0.5166666666666667, 0.8740740740740739, 0.782608695652174, 0.9767441860465117]",,,0.7813483619695221,61.012298583984375,13858893,925199,"(300, 300)",,,0.796373779637378,0.796373779637378,,,tala
EfficientNetV2L,0.7921896792189679,0.8459368115916744,0.8261630761043666,0.8209868738561631,0.8057949086374685,0.7921896792189679,0.7805922461982573,"[1.0, 1.0, 0.9473684210526315, 0.9848484848484849, 1.0, 0.9733333333333334, 0.948051948051948, 0.5, 0.5, 0.43548387096774194, 0.6410256410256411, 0.9487179487179487, 0.9642857142857143, 1.0]","[1.0, 0.9473684210526315, 1.0, 0.9701492537313433, 0.9411764705882353, 0.9733333333333334, 0.9733333333333334, 0.6190476190476191, 0.1875, 0.8571428571428571, 0.33783783783783783, 0.9866666666666667, 1.0, 0.7727272727272727]","[1.0, 0.972972972972973, 0.972972972972973, 0.9774436090225564, 0.9696969696969697, 0.9733333333333334, 0.9605263157894737, 0.5531914893617021, 0.2727272727272727, 0.5775401069518717, 0.4424778761061947, 0.9673202614379085, 0.9818181818181818, 0.8717948717948718]",,,0.7786890339218516,460.9170227050781,118543023,793615,"(480, 480)",,,0.7921896792189679,0.7921896792189679,,,tala
InceptionResNetV2,0.7894002789400278,0.8313441918738402,0.8269891761788631,0.8052366027565784,0.8132232298885873,0.7894002789400278,0.7718703525391786,"[1.0, 1.0, 0.9230769230769231, 1.0, 0.8823529411764706, 0.984375, 0.8604651162790697, 0.6842105263157895, 0.46153846153846156, 0.4172661870503597, 0.7777777777777778, 0.9848484848484849, 0.7105263157894737, 0.9523809523809523]","[0.9047619047619048, 1.0, 1.0, 0.9701492537313433, 0.8823529411764706, 0.84, 0.9866666666666667, 0.8253968253968254, 0.09375, 0.9206349206349206, 0.3783783783783784, 0.8666666666666667, 1.0, 0.9090909090909091]","[0.9500000000000001, 1.0, 0.9600000000000001, 0.9848484848484849, 0.8823529411764706, 0.9064748201438849, 0.9192546583850931, 0.7482014388489208, 0.15584415584415584, 0.5742574257425742, 0.5090909090909091, 0.9219858156028369, 0.8307692307692308, 0.9302325581395349]",,,0.7790301807477146,219.8862991333008,55265007,925199,"(299, 299)",,,0.7894002789400278,0.7894002789400278,,,tala
InceptionV3,0.800557880055788,0.8440998711023063,0.8389350295073168,0.8237538136499326,0.8281012549095998,0.800557880055788,0.7910626656014857,"[0.9545454545454546, 0.9473684210526315, 1.0, 1.0, 0.9411764705882353, 0.984375, 0.8390804597701149, 0.6835443037974683, 0.5757575757575758, 0.45081967213114754, 0.8333333333333334, 0.9558823529411765, 0.7878787878787878, 0.8636363636363636]","[1.0, 0.9473684210526315, 1.0, 0.9850746268656716, 0.9411764705882353, 0.84, 0.9733333333333334, 0.8571428571428571, 0.296875, 0.873015873015873, 0.33783783783783783, 0.8666666666666667, 0.9629629629629629, 0.8636363636363636]","[0.9767441860465117, 0.9473684210526315, 1.0, 0.9924812030075187, 0.9411764705882353, 0.9064748201438849, 0.9012345679012346, 0.7605633802816901, 0.3917525773195876, 0.5945945945945946, 0.4807692307692308, 0.9090909090909091, 0.8666666666666665, 0.8636363636363636]",,,0.788342272885793,97.64483642578124,22995247,1188367,"(299, 299)",,,0.800557880055788,0.800557880055788,,,tala
NASNetLarge,0.7698744769874477,0.8011457402147346,0.8081675352493332,0.7977404095989004,0.7854666105087987,0.7698744769874477,0.7700387236382765,"[0.9130434782608695, 0.9722222222222222, 1.0, 1.0, 0.8888888888888888, 0.9342105263157895, 0.9342105263157895, 0.6470588235294118, 0.4696969696969697, 0.3707865168539326, 0.675, 0.9090909090909091, 0.6923076923076923, 0.8095238095238095]","[1.0, 0.9210526315789473, 0.9444444444444444, 0.9701492537313433, 0.9411764705882353, 0.9466666666666667, 0.9466666666666667, 0.6984126984126984, 0.484375, 0.5238095238095238, 0.36486486486486486, 0.8, 1.0, 0.7727272727272727]","[0.9545454545454545, 0.9459459459459458, 0.9714285714285714, 0.9848484848484849, 0.9142857142857143, 0.9403973509933775, 0.9403973509933775, 0.6717557251908397, 0.47692307692307695, 0.4342105263157895, 0.47368421052631576, 0.8510638297872342, 0.8181818181818181, 0.7906976744186046]",,,0.7507186487133054,352.02721405029297,87133025,2208143,"(331, 331)",,,0.7698744769874477,0.7698744769874477,,,tala
NASNetMobile,0.7642956764295676,0.8086386250417775,0.8088095823716435,0.7921741432293761,0.7880620435884484,0.7642956764295676,0.7577758221215989,"[0.9130434782608695, 0.9743589743589743, 1.0, 1.0, 0.8888888888888888, 0.9705882352941176, 0.8902439024390244, 0.6774193548387096, 0.5416666666666666, 0.3769230769230769, 0.5957446808510638, 0.9047619047619048, 0.6428571428571429, 0.9444444444444444]","[1.0, 1.0, 1.0, 0.9701492537313433, 0.9411764705882353, 0.88, 0.9733333333333334, 0.6666666666666666, 0.203125, 0.7777777777777778, 0.3783783783783784, 0.76, 1.0, 0.7727272727272727]","[0.9545454545454545, 0.9870129870129869, 1.0, 0.9848484848484849, 0.9142857142857143, 0.9230769230769231, 0.9299363057324841, 0.6719999999999999, 0.29545454545454547, 0.5077720207253886, 0.4628099173553719, 0.8260869565217391, 0.782608695652174, 0.85]",,,0.7488513696588917,26.12315368652344,4950307,678479,"(224, 224)",,,0.7642956764295676,0.7642956764295676,,,tala
ResNet101,0.799163179916318,0.8422464018909217,0.8434316659583185,0.8284756685013878,0.8168956590342408,0.799163179916318,0.7907852788722475,"[0.8076923076923077, 0.9743589743589743, 0.9473684210526315, 1.0, 1.0, 0.9736842105263158, 0.9605263157894737, 0.6304347826086957, 0.5925925925925926, 0.4444444444444444, 0.5789473684210527, 0.9848484848484849, 0.896551724137931, 1.0]","[1.0, 1.0, 1.0, 0.9552238805970149, 1.0, 0.9866666666666667, 0.9733333333333334, 0.4603174603174603, 0.25, 0.9523809523809523, 0.44594594594594594, 0.8666666666666667, 0.9629629629629629, 0.9545454545454546]","[0.8936170212765957, 0.9870129870129869, 0.972972972972973, 0.9770992366412213, 1.0, 0.9801324503311258, 0.9668874172185431, 0.5321100917431192, 0.3516483516483516, 0.6060606060606061, 0.5038167938931297, 0.9219858156028369, 0.9285714285714286, 0.9767441860465117]",,,0.7869469093280057,177.3421630859375,43850639,1188367,"(224, 224)",,,0.799163179916318,0.799163179916318,,,tala
ResNet101V2,0.7880055788005579,0.820266322432664,0.8370518303013913,0.8094622909487269,0.805587305100889,0.7880055788005579,0.7724769795022665,"[0.84, 1.0, 0.9473684210526315, 1.0, 0.8888888888888888, 0.9358974358974359, 0.9583333333333334, 0.647887323943662, 0.42857142857142855, 0.4338235294117647, 0.7142857142857143, 0.9841269841269841, 0.7878787878787878, 0.9166666666666666]","[1.0, 1.0, 1.0, 0.9701492537313433, 0.9411764705882353, 0.9733333333333334, 0.92, 0.7301587301587301, 0.1875, 0.9365079365079365, 0.2702702702702703, 0.8266666666666667, 0.9629629629629629, 1.0]","[0.9130434782608696, 1.0, 0.972972972972973, 0.9848484848484849, 0.9142857142857143, 0.954248366013072, 0.9387755102040817, 0.6865671641791045, 0.26086956521739124, 0.592964824120603, 0.39215686274509803, 0.898550724637681, 0.8666666666666665, 0.9565217391304348]",,,0.7764507660274076,177.22683715820312,43819023,1188367,"(224, 224)",,,0.7880055788005579,0.7880055788005579,,,tala
EfficientNetB4,0.8201,0.8703,0.8579,0.8374,,,,,,,0.0,,0.8111,,,,,,,,,,,sireen
