model_name,person,accuracy,precision_macro,recall_macro,f1_macro,f1_weighted,mcc,roc_auc_ovr,ci_95_low,ci_95_high,p_value_vs_top,significant_p<0.05,inference_time_ms,model_size_mb
ConvNeXtLarge,zahra,0.961,0.9112,0.9209,0.9144,0.9616,0.9573,0.9986,0.955,0.966,,False,17.88,752.79
EfficientNetB7,tala,0.9535,0.9014,0.9122,0.9029,0.9537,0.9492,0.9979,0.947,0.959,0.01,True,34.096,251.76
ConvNeXtBase,tala,0.9518,0.8886,0.9031,0.8931,0.9525,0.9473,0.9981,0.945,0.958,0.0,True,14.479,337.25
EfficientNetV2S,zahra,0.9514,0.8952,0.9059,0.8945,0.9515,0.947,0.9978,0.945,0.957,0.001,True,9.707,81.68
EfficientNetV2M,zahra,0.9512,0.8949,0.9089,0.8974,0.9516,0.9468,0.9982,0.945,0.957,0.001,True,15.136,207.35
EfficientNetB3,sireen,0.9512,0.8909,0.8992,0.8912,0.9521,0.9466,0.998,0.945,0.957,0.001,True,8.034,45.49
ResNet101,tala,0.9508,0.8843,0.8938,0.8861,0.9513,0.9462,0.9977,0.944,0.957,0.001,True,8.546,168.09
EfficientNetB5,sireen,0.9505,0.9008,0.9066,0.8998,0.9509,0.946,0.9983,0.944,0.956,0.0,True,15.677,114.54
ConvNeXtXLarge,tala,0.9501,0.8952,0.9078,0.8982,0.9498,0.9455,0.9983,0.944,0.956,0.0,True,27.999,1333.31
EfficientNetB4,sireen,0.9495,0.8969,0.9077,0.8975,0.9493,0.9449,0.9979,0.943,0.955,0.0,True,10.624,72.46
EfficientNetB6,tala,0.9468,0.8931,0.8979,0.8879,0.9472,0.942,0.9978,0.94,0.953,0.0,True,21.987,162.7
ResNet152,zahra,0.9462,0.8812,0.8918,0.8818,0.9468,0.9413,0.9972,0.939,0.952,0.0,True,8.14,228.43
EfficientNetV2L,sireen,0.9451,0.8834,0.8955,0.8841,0.945,0.9402,0.9978,0.938,0.951,0.0,True,25.426,454.37
DenseNet201,sireen,0.9449,0.885,0.8947,0.8851,0.9452,0.9399,0.9972,0.938,0.951,0.0,True,7.664,75.73
EfficientNetV2B2,tala,0.9449,0.8806,0.8889,0.8786,0.9451,0.9399,0.9973,0.938,0.951,0.0,True,8.138,37.5
EfficientNetB1,zahra,0.9443,0.882,0.8854,0.8777,0.9446,0.9392,0.9966,0.937,0.95,0.0,True,8.153,28.85
EfficientNetV2B0,zahra,0.9432,0.8822,0.8873,0.8806,0.9436,0.9381,0.997,0.936,0.949,0.0,True,7.613,26.21
ResNet50,sireen,0.9428,0.8814,0.8912,0.8806,0.9439,0.9376,0.9975,0.936,0.949,0.0,True,8.537,94.95
Xception,zahra,0.9428,0.8798,0.8888,0.8808,0.944,0.9374,0.9977,0.936,0.949,0.0,True,8.539,84.46
EfficientNetB0,zahra,0.9428,0.8791,0.8836,0.8771,0.9429,0.9376,0.9971,0.936,0.949,0.0,True,8.559,19.0
ResNet101V2,tala,0.9426,0.8805,0.8898,0.883,0.9432,0.9372,0.9974,0.936,0.949,0.0,True,9.222,167.97
DenseNet121,sireen,0.9422,0.8811,0.8936,0.8824,0.9427,0.937,0.9976,0.935,0.948,0.0,True,7.19,30.31
EfficientNetV2B1,tala,0.942,0.8773,0.8814,0.8753,0.9421,0.9366,0.9978,0.935,0.948,0.0,True,7.55,30.2
EfficientNetV2B3,tala,0.942,0.88,0.8875,0.8796,0.9429,0.9367,0.9979,0.935,0.948,0.0,True,8.22,53.74
DenseNet169,sireen,0.9416,0.8782,0.8857,0.8766,0.9418,0.9363,0.9968,0.935,0.948,0.0,True,8.28,53.32
InceptionV3,tala,0.9409,0.8753,0.8858,0.8778,0.9411,0.9354,0.9977,0.934,0.947,0.0,True,8.666,88.41
EfficientNetB2,zahra,0.9405,0.8813,0.8933,0.8826,0.941,0.9351,0.9977,0.933,0.947,0.0,True,7.423,33.65
NASNetLarge,tala,0.9384,0.881,0.8831,0.879,0.9394,0.9325,0.9972,0.931,0.945,0.0,True,14.408,334.62
ResNet152V2,zahra,0.9382,0.8729,0.8835,0.8734,0.9388,0.9325,0.9972,0.931,0.945,0.0,True,7.435,228.28
InceptionResNetV2,tala,0.9378,0.8742,0.8827,0.8751,0.9386,0.932,0.9975,0.931,0.944,0.0,True,9.941,212.44
ConvNeXtSmall,sireen,0.9374,0.8756,0.8861,0.8757,0.9383,0.9317,0.998,0.93,0.944,0.0,True,13.679,191.43
ResNet50V2,sireen,0.9372,0.8742,0.8836,0.8745,0.9385,0.9314,0.9973,0.93,0.944,0.0,True,7.739,94.86
ConvNeXtTiny,sireen,0.9347,0.875,0.8902,0.8758,0.9358,0.9288,0.997,0.927,0.941,0.0,True,9.737,108.54
MobileNet,zahra,0.9328,0.871,0.8637,0.8518,0.932,0.9267,0.9967,0.925,0.94,0.0,True,8.064,15.06
MobileNetV2,zahra,0.9286,0.8629,0.8704,0.8626,0.9287,0.922,0.9964,0.921,0.936,0.0,True,7.73,12.04
VGG16,zahra,0.928,0.8599,0.8645,0.856,0.9294,0.9215,0.9957,0.92,0.935,0.0,True,8.617,57.72
VGG19,sireen,0.9238,0.8522,0.8493,0.8411,0.9243,0.9169,0.9952,0.916,0.931,0.0,True,9.703,77.98
NASNetMobile,tala,0.9136,0.8391,0.8423,0.8372,0.9131,0.9055,0.996,0.905,0.921,0.0,True,7.431,20.53
