category_id,class_name,ap_50_95,ap_50
4,Corn___Healthy,0.9751060820367752,1.0
5,Corn___Leaf_Blight,0.41060817796033905,0.7417047449373446
14,Wheat___Yellow_Rust,0.52302269397823,0.7159453134756892
2,Wheat___Brown_Rust,0.42253142222350404,0.6631342883394453
13,Corn___Common_Rust,0.502899575671853,0.5965346534653465
7,Invalid,0.4023512104034187,0.44067053892016567
9,Rice___Hispa,0.3288948700376339,0.4158545000360842
1,Rice___Leaf_Blast,0.2406441702939084,0.4152116678364833
3,Potato___Healthy,0.2300087066407617,0.40490336056697607
10,Rice___Healthy,0.29927079528049294,0.40405221113205686
11,Rice___Brown_Spot,0.24604262127426293,0.3985838376765748
6,Potato___Late_Blight,0.06255393189164624,0.21767011190587165
8,Potato___Early_Blight,0.0,0.0
12,Wheat___Healthy,0.0,0.0
