model,experiment,r2_random_split,rmse_random_split,r2_country_heldout_mean,r2_country_heldout_std,rmse_country_heldout_mean
XGBoost,Climate only,-0.11506217418191222,95171.63593927745,-0.016223479525298633,0.08453610992451353,89808.38584634507
XGBoost,Climate + crop type,0.9698749490381474,15643.066370035944,0.657630836255108,0.12229908302775058,50616.54258939084
XGBoost,Climate + severity,0.9606305579427858,17882.886608813536,0.6240212185438663,0.10509572164472972,53359.88260413105
XGBoost,Full (climate+crop+severity),0.9742832533024559,14453.266360172553,0.6430290860003363,0.08680060081049812,52326.42374971761
Random Forest,Climate only,-0.44280097117688344,108258.30069142948,-0.047306874514535455,0.09482975919199643,90916.62334443294
Random Forest,Climate + crop type,0.9785989290601713,13184.86678156703,0.5851438758364607,0.13724444719270437,55784.367166520606
Random Forest,Climate + severity,0.9541556193826062,19297.4999093487,0.5811778608702443,0.1425807208069662,56002.79007754008
Random Forest,Full (climate+crop+severity),0.9788959847427625,13093.041332568482,0.5731501602962943,0.14638724192492397,56526.667883185684
Linear Regression,Climate only,0.05929310936167642,87414.83766632981,0.006042664278728904,0.046938769042558434,88655.89072929011
Linear Regression,Climate + crop type,0.10917214503703276,85065.77968686962,0.05643717624606574,0.05090451348268631,86367.6223677167
Linear Regression,Climate + severity,0.6382325381143963,54209.168306599735,0.5638635416568383,0.10017718646356318,58289.50869316771
Linear Regression,Full (climate+crop+severity),0.6382861034793892,54205.15489786889,0.5635875679949273,0.10000575970653597,58309.595895836675
Crop-mean baseline,"(no features, no model)",0.6778435628998254,51155.38994711531,0.6367707842098407,0.09535567061526973,52885.43001536235
