accuracy,precision_macro,recall_macro,f1_macro,precision_weighted,recall_weighted,f1_weighted,mcc,precision_per_class,recall_per_class,f1_per_class,roc_auc_ovr,roc_auc_ovo,model_name,person,training_time_sec,epochs_trained,final_val_accuracy,best_val_accuracy,final_val_loss,model_size_mb,total_params,trainable_params,input_size,inference_time_ms
0.9507512520868113,0.8842966251778991,0.8937919500139706,0.8861434147259905,0.9553868108757907,0.9507512520868113,0.9512676523723338,0.9461619291199291,"[1.0, 0.9876543209876543, 0.9912739965095986, 0.9809358752166378, 0.936, 0.9979838709677419, 0.9728915662650602, 0.9866666666666667, 0.7692307692307693, 0.45714285714285713, 0.5540540540540541, 0.8518518518518519, 0.7830188679245284, 0.9957446808510638, 1.0]","[0.9965397923875432, 0.9836065573770492, 1.0, 0.9826388888888888, 0.9957446808510638, 0.99, 0.9969135802469136, 0.9801324503311258, 0.8235294117647058, 0.6153846153846154, 0.5256410256410257, 0.7796610169491526, 0.9822485207100592, 0.7548387096774194, 1.0]","[0.9982668977469671, 0.9856262833675565, 0.9956178790534619, 0.9817866435385949, 0.9649484536082474, 0.9939759036144579, 0.9847560975609757, 0.983388704318937, 0.7954545454545454, 0.5245901639344263, 0.5394736842105263, 0.8141592920353983, 0.8713910761154856, 0.8587155963302753, 1.0]",0.9977418200331145,0.9977418200331145,ResNet101,tala,12264.177867174149,44,0.9593777060508728,0.9611063003540039,0.1289200782775879,167.27691268920898,43850639,1188367,"(224, 224)",158.0005383491516
0.9426126878130217,0.8805386767617117,0.8897650859764386,0.8829613287807915,0.9463827794903024,0.9426126878130217,0.9432147044601312,0.937162158578918,"[0.9948364888123924, 0.9336016096579477, 0.9774696707105719, 0.9575971731448764, 0.9510204081632653, 0.9960159362549801, 0.9758308157099698, 0.9977528089887641, 0.7325581395348837, 0.4854368932038835, 0.5795454545454546, 0.8258064516129032, 0.8298969072164949, 0.9878542510121457, 0.9828571428571429]","[1.0, 0.9508196721311475, 0.9929577464788732, 0.9409722222222222, 0.9914893617021276, 1.0, 0.9969135802469136, 0.9801324503311258, 0.7411764705882353, 0.6410256410256411, 0.6538461538461539, 0.7231638418079096, 0.9526627218934911, 0.7870967741935484, 0.9942196531791907]","[0.997411561691113, 0.9421319796954314, 0.9851528384279475, 0.9492119089316988, 0.9708333333333332, 0.998003992015968, 0.9862595419847328, 0.9888641425389756, 0.736842105263158, 0.5524861878453039, 0.6144578313253013, 0.7710843373493976, 0.8870523415977962, 0.8761220825852784, 0.9885057471264367]",0.9973618125932234,0.9973618125932234,ResNet101V2,tala,13963.710012197495,50,0.9477096199989319,0.9498703479766846,0.135467529296875,167.15630722045898,43819023,1188367,"(224, 224)",153.07053089141846
0.9409432387312187,0.8753301261037809,0.8857929739344089,0.8778168714457174,0.9451430466614054,0.9409432387312187,0.9410563043762584,0.935432410659574,"[0.9982668977469671, 0.9551020408163265, 0.9878260869565217, 0.9614035087719298, 0.9176470588235294, 0.998, 0.95, 0.9954233409610984, 0.7888888888888889, 0.5061728395061729, 0.5108695652173914, 0.8292682926829268, 0.7614678899082569, 0.9869565217391304, 0.9826589595375722]","[0.9965397923875432, 0.9590163934426229, 1.0, 0.9513888888888888, 0.9957446808510638, 0.998, 0.9969135802469136, 0.9602649006622517, 0.8352941176470589, 0.5256410256410257, 0.6025641025641025, 0.768361581920904, 0.9822485207100592, 0.7322580645161291, 0.9826589595375722]","[0.9974025974025974, 0.9570552147239264, 0.9938757655293089, 0.9563699825479931, 0.9551020408163264, 0.998, 0.9728915662650602, 0.9775280898876405, 0.8114285714285714, 0.5157232704402517, 0.5529411764705884, 0.7976539589442815, 0.8578811369509044, 0.8407407407407408, 0.9826589595375722]",0.9976862143296582,0.9976862143296582,InceptionV3,tala,20153.79790878296,50,0.9451166987419128,0.9453327655792236,0.15119481086730957,87.71990585327148,22995247,1188367,"(299, 299)",148.11444282531738
0.9378130217028381,0.8742081072355354,0.8826775862276424,0.8751472191137448,0.9439925634562044,0.9378130217028381,0.9386320572346898,0.9320483237595518,"[0.996551724137931, 0.9785407725321889, 0.993006993006993, 0.9493243243243243, 0.9957627118644068, 0.9979716024340771, 0.9571865443425076, 0.962800875273523, 0.797752808988764, 0.49411764705882355, 0.5274725274725275, 0.8313253012048193, 0.6736401673640168, 0.9694323144104804, 0.9882352941176471]","[1.0, 0.9344262295081968, 1.0, 0.9756944444444444, 1.0, 0.984, 0.9660493827160493, 0.9713024282560706, 0.8352941176470589, 0.5384615384615384, 0.6153846153846154, 0.7796610169491526, 0.9526627218934911, 0.7161290322580646, 0.9710982658959537]","[0.9982728842832469, 0.9559748427672956, 0.9964912280701755, 0.9623287671232876, 0.9978768577494692, 0.9909365558912387, 0.9615975422427034, 0.9670329670329669, 0.8160919540229884, 0.5153374233128835, 0.5680473372781065, 0.80466472303207, 0.7892156862745098, 0.8237476808905382, 0.9795918367346939]",0.9975170379243682,0.9975170379243682,InceptionResNetV2,tala,17796.548128843307,37,0.944900631904602,0.9466292262077332,0.1511460542678833,210.81927108764648,55265007,925199,"(299, 299)",190.71272134780884
0.9136060100166945,0.8391350871750523,0.8423258624835142,0.8371637783954167,0.9177007672337857,0.9136060100166945,0.9131246538386669,0.9054718978394695,"[0.9632107023411371, 0.9406593406593406, 0.9964664310954063, 0.9151414309484193, 0.9362549800796812, 0.9854771784232366, 0.9501557632398754, 0.9147609147609148, 0.6951219512195121, 0.43548387096774194, 0.4326923076923077, 0.7204301075268817, 0.7548076923076923, 0.9863636363636363, 0.96]","[0.9965397923875432, 0.8770491803278688, 0.9929577464788732, 0.9548611111111112, 1.0, 0.95, 0.941358024691358, 0.9713024282560706, 0.6705882352941176, 0.34615384615384615, 0.5769230769230769, 0.7570621468926554, 0.9289940828402367, 0.7, 0.9710982658959537]","[0.9795918367346939, 0.9077412513255567, 0.9947089947089947, 0.9345794392523363, 0.9670781893004115, 0.9674134419551935, 0.945736434108527, 0.9421841541755888, 0.6826347305389221, 0.3857142857142858, 0.49450549450549447, 0.7382920110192837, 0.8328912466843502, 0.8188679245283019, 0.9655172413793104]",0.9959612934723605,0.9959612934723605,NASNetMobile,tala,9262.57094502449,25,0.9276145100593567,0.9286949038505554,0.19073714315891266,18.883922576904297,4950307,678479,"(224, 224)",164.9431562423706
0.9384390651085142,0.881041612760209,0.883090911719241,0.8790439839220782,0.9425452156344387,0.9384390651085142,0.9394342314641629,0.9325428347899433,"[0.9897260273972602, 0.9586056644880174, 0.9759450171821306, 0.9464594127806563, 0.9549180327868853, 0.9939271255060729, 0.9667673716012085, 0.9649122807017544, 0.8695652173913043, 0.48760330578512395, 0.5, 0.8333333333333334, 0.8324324324324325, 0.953405017921147, 0.9880239520958084]","[1.0, 0.9016393442622951, 1.0, 0.9513888888888888, 0.9914893617021276, 0.982, 0.9876543209876543, 0.9713024282560706, 0.7058823529411765, 0.7564102564102564, 0.5128205128205128, 0.7627118644067796, 0.9112426035502958, 0.8580645161290322, 0.953757225433526]","[0.9948364888123925, 0.9292502639915523, 0.9878260869565216, 0.9489177489177488, 0.9728601252609603, 0.9879275653923542, 0.9770992366412214, 0.9680968096809681, 0.7792207792207793, 0.592964824120603, 0.5063291139240506, 0.7964601769911505, 0.8700564971751412, 0.9032258064516129, 0.9705882352941175]",0.9972275061080402,0.9972275061080402,NASNetLarge,tala,23302.908970832825,46,0.9364736676216125,0.9401469230651855,0.1783253252506256,332.38611221313477,87133025,2208143,"(331, 331)",216.90906524658203
0.9467863105175293,0.8931225591239994,0.8979070407230538,0.8878974126182821,0.9545499234415312,0.9467863105175293,0.9471505248260647,0.9419986440717419,"[0.9965397923875432, 0.9488188976377953, 0.993006993006993, 0.9891304347826086, 0.9586776859504132, 0.998, 0.9759036144578314, 0.9977528089887641, 0.8390804597701149, 0.7254901960784313, 0.4621212121212121, 0.8209876543209876, 0.7304347826086957, 1.0, 0.9608938547486033]","[0.9965397923875432, 0.9877049180327869, 1.0, 0.9479166666666666, 0.9872340425531915, 0.998, 1.0, 0.9801324503311258, 0.8588235294117647, 0.47435897435897434, 0.782051282051282, 0.751412429378531, 0.9940828402366864, 0.7161290322580646, 0.9942196531791907]","[0.9965397923875432, 0.9678714859437751, 0.9964912280701755, 0.9680851063829786, 0.9727463312368974, 0.998, 0.9878048780487805, 0.9888641425389756, 0.8488372093023254, 0.5736434108527132, 0.580952380952381, 0.7846607669616519, 0.8421052631578947, 0.8345864661654135, 0.9772727272727273]",0.9978431395744761,0.9978431395744761,EfficientNetB6,tala,49995.94721221924,50,0.9598098397254944,0.9632670879364014,0.1108720526099205,161.30333709716797,42284702,1319951,"(528, 528)",199.76800203323364
0.9534641068447413,0.9013658622938279,0.9121558125068955,0.9029473224055504,0.9583517122988299,0.9534641068447413,0.9537101248052159,0.9491784107384834,"[1.0, 0.9714285714285714, 0.993006993006993, 0.9789473684210527, 0.9475806451612904, 1.0, 0.9783950617283951, 0.9802197802197802, 0.8235294117647058, 0.684931506849315, 0.5495495495495496, 0.8757763975155279, 0.7706422018348624, 1.0, 0.9664804469273743]","[1.0, 0.9754098360655737, 1.0, 0.96875, 1.0, 0.996, 0.9783950617283951, 0.9845474613686535, 0.8235294117647058, 0.6410256410256411, 0.782051282051282, 0.7966101694915254, 0.9940828402366864, 0.7419354838709677, 1.0]","[1.0, 0.9734151329243353, 0.9964912280701755, 0.9738219895287958, 0.9730848861283644, 0.9979959919839679, 0.9783950617283951, 0.9823788546255507, 0.8235294117647058, 0.6622516556291391, 0.6455026455026456, 0.834319526627219, 0.868217054263566, 0.8518518518518519, 0.9829545454545454]",0.9978552190064249,0.9978552190064249,EfficientNetB7,tala,65564.74269676208,50,0.962834894657135,0.9634831547737122,0.10663963109254837,250.0699691772461,65554342,1451535,"(600, 600)",200.7343339920044
0.9419866444073456,0.8773451853921888,0.8814134715793849,0.8753486215355257,0.9471694550481358,0.9419866444073456,0.9420740767713923,0.9366238169972745,"[0.9965397923875432, 0.9518072289156626, 1.0, 0.9633507853403142, 0.9551020408163265, 1.0, 0.978328173374613, 0.9695652173913043, 0.8214285714285714, 0.5238095238095238, 0.47058823529411764, 0.8192090395480226, 0.7148936170212766, 0.9955555555555555, 1.0]","[0.9965397923875432, 0.9713114754098361, 1.0, 0.9583333333333334, 0.9957446808510638, 0.988, 0.9753086419753086, 0.9845474613686535, 0.8117647058823529, 0.4230769230769231, 0.6153846153846154, 0.8192090395480226, 0.9940828402366864, 0.7225806451612903, 0.9653179190751445]","[0.9965397923875432, 0.9614604462474644, 1.0, 0.9608355091383812, 0.9750000000000001, 0.993963782696177, 0.9768160741885625, 0.976998904709748, 0.8165680473372781, 0.4680851063829788, 0.5333333333333333, 0.8192090395480226, 0.8316831683168318, 0.8373831775700935, 0.9823529411764705]",0.9977526912099297,0.9977526912099297,EfficientNetV2B1,tala,12839.170947313309,36,0.9615384340286255,0.9615384340286255,0.11062873899936676,29.477306365966797,7727299,793615,"(240, 240)",153.9247989654541
0.9449081803005008,0.8805901070844026,0.8889367650902632,0.878566083073457,0.9521963895837946,0.9449081803005008,0.9450506257826267,0.9399480749328992,"[1.0, 0.9713114754098361, 0.9982425307557118, 0.9706390328151986, 0.936, 1.0, 0.9788519637462235, 0.9977628635346756, 0.7865168539325843, 0.5573770491803278, 0.48739495798319327, 0.8417721518987342, 0.6887966804979253, 1.0, 0.9941860465116279]","[0.9965397923875432, 0.9713114754098361, 1.0, 0.9756944444444444, 0.9957446808510638, 0.998, 1.0, 0.9845474613686535, 0.8235294117647058, 0.4358974358974359, 0.7435897435897436, 0.751412429378531, 0.9822485207100592, 0.6870967741935484, 0.9884393063583815]","[0.9982668977469671, 0.9713114754098361, 0.9991204925241866, 0.9731601731601731, 0.9649484536082474, 0.998998998998999, 0.9893129770992367, 0.991111111111111, 0.8045977011494253, 0.48920863309352514, 0.5888324873096447, 0.7940298507462686, 0.8097560975609757, 0.8145315487571703, 0.991304347826087]",0.9973348912860331,0.9973348912860331,EfficientNetV2B2,tala,20421.674824476242,43,0.9572169184684753,0.9574330449104309,0.11877400428056717,36.74162673950195,9631597,859407,"(260, 260)",144.64004516601562
0.9419866444073456,0.8800325933139383,0.887480912196029,0.8795648971090908,0.9492044098535325,0.9419866444073456,0.9429321362238506,0.9366622957937057,"[0.9965397923875432, 0.952, 0.9912126537785588, 0.9716312056737588, 0.970954356846473, 1.0, 0.9875, 0.9718614718614719, 0.8072289156626506, 0.5555555555555556, 0.46226415094339623, 0.8535031847133758, 0.6974789915966386, 1.0, 0.9827586206896551]","[0.9965397923875432, 0.9754098360655737, 0.9929577464788732, 0.9513888888888888, 0.9957446808510638, 0.99, 0.9753086419753086, 0.9911699779249448, 0.788235294117647, 0.5769230769230769, 0.6282051282051282, 0.7570621468926554, 0.9822485207100592, 0.7225806451612903, 0.9884393063583815]","[0.9965397923875432, 0.9635627530364372, 0.9920844327176781, 0.9614035087719298, 0.9831932773109243, 0.9949748743718593, 0.9813664596273292, 0.9814207650273225, 0.7976190476190476, 0.5660377358490566, 0.532608695652174, 0.8023952095808383, 0.8157248157248157, 0.8389513108614232, 0.9855907780979827]",0.9979476808837364,0.9979476808837364,EfficientNetV2B3,tala,16180.312935352325,36,0.9582973122596741,0.9593777060508728,0.11164382845163345,52.86748123168945,13858893,925199,"(300, 300)",151.86163187026978
0.9517946577629383,0.8885705949844525,0.9030791902965957,0.8931260611885327,0.9563769383809911,0.9517946577629383,0.9524760596045168,0.9472801994770222,"[1.0, 0.9549180327868853, 0.9982425307557118, 0.9619377162629758, 0.9475806451612904, 1.0, 1.0, 1.0, 0.7608695652173914, 0.5686274509803921, 0.45652173913043476, 0.84472049689441, 0.8578680203045685, 1.0, 0.9772727272727273]","[0.9965397923875432, 0.9549180327868853, 1.0, 0.9652777777777778, 1.0, 1.0, 1.0, 1.0, 0.8235294117647058, 0.7435897435897436, 0.5384615384615384, 0.768361581920904, 1.0, 0.7612903225806451, 0.9942196531791907]","[0.9982668977469671, 0.9549180327868853, 0.9991204925241866, 0.9636048526863085, 0.9730848861283644, 1.0, 1.0, 1.0, 0.7909604519774012, 0.6444444444444445, 0.49411764705882355, 0.8047337278106509, 0.9234972677595629, 0.8644688644688644, 0.98567335243553]",0.9981401176578066,0.9981401176578066,ConvNeXtBase,tala,20135.557222366333,43,0.9665082097053528,0.9673725366592407,0.09737882018089294,336.572811126709,88230543,662031,"(224, 224)",270.5214762687683
0.9501252086811353,0.8952475439929911,0.9078188937042847,0.8982140878027979,0.9539500609301871,0.9501252086811353,0.9497674326716188,0.9455437063992777,"[0.9982668977469671, 0.9227799227799228, 0.993006993006993, 0.9816849816849816, 0.9791666666666666, 1.0, 0.9557522123893806, 1.0, 0.8192771084337349, 0.5887850467289719, 0.5844155844155844, 0.8295454545454546, 0.865979381443299, 1.0, 0.91005291005291]","[0.9965397923875432, 0.9795081967213115, 1.0, 0.9305555555555556, 1.0, 1.0, 1.0, 1.0, 0.8, 0.8076923076923077, 0.5769230769230769, 0.8248587570621468, 0.9940828402366864, 0.7129032258064516, 0.9942196531791907]","[0.9974025974025974, 0.9502982107355866, 0.9964912280701755, 0.9554367201426026, 0.9894736842105264, 1.0, 0.9773755656108597, 1.0, 0.8095238095238095, 0.681081081081081, 0.5806451612903225, 0.8271954674220963, 0.9256198347107438, 0.832391713747646, 0.9502762430939226]",0.9982789221003457,0.9982789221003457,ConvNeXtXLarge,tala,16463.746454000473,25,0.9632670879364014,0.9660760760307312,0.1128002479672432,1332.627986907959,349340431,1188367,"(224, 224)",282.3021364212036
