bin_lower,bin_upper,count,accuracy,avg_confidence,abs_gap
0.0,0.1,0,0.0,0.0,0.0
0.1,0.2,0,0.0,0.0,0.0
0.2,0.30000000000000004,0,0.0,0.0,0.0
0.30000000000000004,0.4,2,0.0,0.38123130798339844,0.38123130798339844
0.4,0.5,9,0.3333333432674408,0.47063133120536804,0.13729798793792725
0.5,0.6000000000000001,12,0.5833333134651184,0.5625084638595581,0.020824849605560303
0.6000000000000001,0.7000000000000001,24,0.625,0.6470142006874084,0.022014200687408447
0.7000000000000001,0.8,19,0.4736842215061188,0.752249538898468,0.27856531739234924
0.8,0.9,36,0.6666666865348816,0.8555694818496704,0.18890279531478882
0.9,1.0,615,0.8878048658370972,0.9935437440872192,0.10573887825012207
